Category,Component,Part Number,Qty,Description
Main Control,Hive Command MCU,XMOS XU316-1024-FB265,1,Master bridge for 32-bit/768kHz
Clock Gen,Master Clock,Skyworks Si5341,1,Ultra-low jitter clock source (<5ps)
DAC Core,Monolith DAC,ESS Sabre ES9039Pro,4,Quad-parallel fusion DAC engines
Regulation,Ultra-Low Noise LDO,Analog Devices LT3045,32,Parallel array for clean power rails
USB Interface,PD Controller,TI TPS65987,1,USB-C Power Delivery (100W) negotiation
Power Switch,Priority Switcher,IRF7404 MOSFET,4,Logic-driven triple input switching
Passive,Audio Capacitor,Nichicon Fine Gold,24,High-grade filtering for analog rails
Passive,Film Capacitor,WIMA MKS/FKP Series,16,Signal coupling and RF noise filtering
Interconnect,Hive Slot Connector,40-Pin BTB Connector,5,0.5mm pitch high-speed board-to-board
